Comment,Designator,Footprint,LCSC Part #
10uF,"C1,C2,C5,C7",C_0603_1608Metric,C19702
0.1uF,"C3,C4,C8",C_0603_1608Metric,C1525
22uF,C6,C_0805_2012Metric,C45783
1uF,C9,C_0603_1608Metric,C15849
100uF (bulk),C10,C_1210_3225Metric,C13585
SS34,D1,D_SMA,C8678
USBLC6-2SC6,D2,SOT-23-6,C7519
USB-C,J1,USB_C_Receptacle_HRO_TYPE-C-31-M-12,C165948
OLED 0.96 SPI castellated,J2,PinHeader_1x07_P2.54mm_Vertical,
LiPo 603450 (JST-PH),J3,JST_PH_S2B-PH-SM4-TB_1x02-1MP_P2.00mm_Horizontal,C265084
Coil 510 (TBD),J4,PinHeader_1x02_P2.54mm_Vertical,
DEBUG (TX0/RX0/IO0/EN/GND),J5,PinHeader_1x05_P2.54mm_Vertical,
1.5uH,L1,L_1210_3225Metric,C133988
CHRG (red),LED1,LED_0603_1608Metric,C2286
STDBY (green),LED2,LED_0603_1608Metric,C2297
AO3400A,Q1,SOT-23,C20917
5.1k,"R1,R2",R_0603_1608Metric,C23186
1.2k,R3,R_0603_1608Metric,C22849
1k,"R4,R5,R7",R_0603_1608Metric,C21190
100,R6,R_0603_1608Metric,C22775
0.1 2W,R8,R_2512_6332Metric,C84395
4.7k,"R9,R10",R_0603_1608Metric,C23162
10k,"R11,R12",R_0603_1608Metric,C25804
220,R13,R_0603_1608Metric,C22962
100k,R14,R_0603_1608Metric,C25741
Fire,SW1,Panasonic_EVQPUJ_EVQPUA,C77890
ESP32-S3-MINI-1-N4,U1,ESP32-S3-MINI-1,C2913200
TP4056,U2,HSOP-8-1EP_3.9x4.9mm_P1.27mm_EP2.41x3.1mm_ThermalVias,C16581
DW01A (placeholder),U3,SOT-23-6,C351410
FS8205A (placeholder),U4,SOT-23-6,C32254
INA219AIDR,U5,SOIC-8_3.9x4.9mm_P1.27mm,C138563
TPS63031DSK,U6,Texas_DSQ0010A_WSON-10-1EP_2x2mm_P0.4mm_EP0.9x1.5mm,C57898
