"Reference","Value","Footprint","LCSC"
"C1,C2,C5,C7","10uF","Capacitor_SMD:C_0603_1608Metric","C19702"
"C3,C4,C8","0.1uF","Capacitor_SMD:C_0603_1608Metric","REPLACE-0603 (C1525 is 0402; JLC review 2026-09-22)"
"C6","22uF","Capacitor_SMD:C_0805_2012Metric","C45783"
"C9","1uF","Capacitor_SMD:C_0603_1608Metric","C15849"
"C10","100uF (bulk)","Capacitor_SMD:C_1210_3225Metric","C13585"
"D1","SS34","Diode_SMD:D_SMA","C8678"
"D2","USBLC6-2SC6","Package_TO_SOT_SMD:SOT-23-6","C7519"
"J1","USB-C","Connector_USB:USB_C_Receptacle_HRO_TYPE-C-31-M-12","C165948"
"J2","OLED 0.96 SPI castellated","Connector_PinHeader_2.54mm:PinHeader_1x07_P2.54mm_Vertical",""
"J3","LiPo 603450 (JST-PH)","Connector_JST:JST_PH_S2B-PH-SM4-TB_1x02-1MP_P2.00mm_Horizontal","REPLACE (C265084 wrong type per JLC review; need S2B-PH-SM4-TB SMD side-entry)"
"J4","Coil 510 (TBD)","Connector_PinHeader_2.54mm:PinHeader_1x02_P2.54mm_Vertical",""
"J5","DEBUG (TX0/RX0/IO0/EN/GND)","Connector_PinHeader_2.54mm:PinHeader_1x05_P2.54mm_Vertical",""
"L1","1.5uH","Inductor_SMD:L_1210_3225Metric","C133988"
"LED1","CHRG (red)","LED_SMD:LED_0603_1608Metric","C2286"
"LED2","STDBY (green)","LED_SMD:LED_0603_1608Metric","REPLACE-0603 (C2297 is 0805; JLC review 2026-09-22)"
"Q1","AO3400A","Package_TO_SOT_SMD:SOT-23","C20917"
"R1,R2","5.1k","Resistor_SMD:R_0603_1608Metric","C23186"
"R3","1.2k","Resistor_SMD:R_0603_1608Metric","C22849"
"R4,R5,R7","1k","Resistor_SMD:R_0603_1608Metric","C21190"
"R6","100","Resistor_SMD:R_0603_1608Metric","C22775"
"R8","0.1 2W","Resistor_SMD:R_2512_6332Metric","C84395"
"R9,R10","4.7k","Resistor_SMD:R_0603_1608Metric","C23162"
"R11,R12","10k","Resistor_SMD:R_0603_1608Metric","C25804"
"R13","220","Resistor_SMD:R_0603_1608Metric","C22962"
"R14","100k","Resistor_SMD:R_0603_1608Metric","REPLACE-0603 (C25741 is 0402; JLC review 2026-09-22)"
"SW1","Fire","Button_Switch_SMD:Panasonic_EVQPUJ_EVQPUA","C77890"
"U1","ESP32-S3-MINI-1-N4","Espressif:ESP32-S3-MINI-1","C2913200"
"U2","TP4056","Package_SO:HSOP-8-1EP_3.9x4.9mm_P1.27mm_EP2.41x3.1mm_ThermalVias","C16581"
"U3","DW01A (placeholder)","Package_TO_SOT_SMD:SOT-23-6","C351410"
"U4","FS8205A (placeholder)","Package_TO_SOT_SMD:SOT-23-6","C32254"
"U5","INA219AIDR","Package_SO:SOIC-8_3.9x4.9mm_P1.27mm","C138563"
"U6","TPS63031DSK","Package_DFN_QFN:Texas_DSQ0010A_WSON-10-1EP_2x2mm_P0.4mm_EP0.9x1.5mm","C57898"
