Designator,Mid X,Mid Y,Layer,Rotation
C1,54.0000mm,-60.0000mm,Top,0.0
C2,66.0000mm,-61.3000mm,Top,0.0
C3,63.9500mm,-68.5000mm,Top,0.0
C4,64.3000mm,-86.6000mm,Top,0.0
C5,71.5000mm,-86.6000mm,Top,0.0
C6,75.0000mm,-88.0000mm,Top,0.0
C7,76.0000mm,-95.0000mm,Top,0.0
C8,76.0000mm,-97.0000mm,Top,0.0
C9,53.0000mm,-98.0000mm,Top,0.0
C10,56.8000mm,-86.8000mm,Top,0.0
D1,60.5000mm,-117.5000mm,Top,0.0
D2,76.0000mm,-56.0000mm,Top,0.0
J1,65.0000mm,-52.4000mm,Top,180.0
J2,78.0000mm,-105.0000mm,Top,0.0
J3,54.2100mm,-75.0000mm,Top,0.0
J4,75.0000mm,-124.0000mm,Top,0.0
J5,63.0000mm,-132.5000mm,Top,90.0
L1,76.0000mm,-85.0000mm,Top,0.0
LED1,53.2000mm,-65.6000mm,Top,0.0
LED2,53.2000mm,-67.7000mm,Top,0.0
Q1,66.5000mm,-118.0000mm,Top,0.0
R1,54.0000mm,-56.0000mm,Top,0.0
R2,56.0000mm,-58.0000mm,Top,0.0
R3,70.0000mm,-62.0000mm,Top,0.0
R4,56.8000mm,-65.6000mm,Top,0.0
R5,56.8000mm,-67.7000mm,Top,0.0
R6,60.6500mm,-68.5000mm,Top,0.0
R7,73.0000mm,-76.0000mm,Top,0.0
R8,56.0000mm,-82.3000mm,Top,0.0
R9,60.7000mm,-86.6000mm,Top,0.0
R10,67.9000mm,-86.6000mm,Top,0.0
R11,53.0000mm,-94.0000mm,Top,0.0
R12,53.0000mm,-96.0000mm,Top,0.0
R13,62.0000mm,-121.0000mm,Top,0.0
R14,68.0000mm,-121.0000mm,Top,0.0
SW1,52.6000mm,-110.0000mm,Top,90.0
U1,65.0000mm,-102.0000mm,Top,0.0
U2,60.0000mm,-62.0000mm,Top,0.0
U3,62.0000mm,-73.0000mm,Top,0.0
U4,70.0000mm,-73.0000mm,Top,0.0
U5,64.2000mm,-82.3000mm,Top,0.0
U6,73.0000mm,-82.0000mm,Top,0.0
