Ref,Val,Package,PosX,PosY,Rot,Side
"C1","10uF","C_0603_1608Metric",54.000000,-60.000000,0.000000,top
"C2","10uF","C_0603_1608Metric",66.000000,-61.300000,0.000000,top
"C3","0.1uF","C_0603_1608Metric",63.950000,-68.500000,0.000000,top
"C4","0.1uF","C_0603_1608Metric",64.300000,-86.600000,0.000000,top
"C5","10uF","C_0603_1608Metric",71.500000,-86.600000,0.000000,top
"C6","22uF","C_0805_2012Metric",75.000000,-88.000000,0.000000,top
"C7","10uF","C_0603_1608Metric",76.000000,-95.000000,0.000000,top
"C8","0.1uF","C_0603_1608Metric",76.000000,-97.000000,0.000000,top
"C9","1uF","C_0603_1608Metric",53.000000,-98.000000,0.000000,top
"C10","100uF","C_1210_3225Metric",56.800000,-86.800000,0.000000,top
"D1","SS34","D_SMA",60.500000,-117.500000,0.000000,top
"D2","USBLC6-2SC6","SOT-23-6",76.000000,-56.000000,0.000000,top
"J1","USB-C","USB_C_Receptacle_HRO_TYPE-C-31-M-12",65.000000,-52.400000,180.000000,top
"J2","OLED","PinHeader_1x07_P2.54mm_Vertical",78.000000,-105.000000,0.000000,top
"J3","LiPo 1S","JST_PH_S2B-PH-SM4-TB_1x02-1MP_P2.00mm_Horizontal",54.210000,-75.000000,0.000000,top
"J4","Coil 510","PinHeader_1x02_P2.54mm_Vertical",75.000000,-124.000000,0.000000,top
"J5","DEBUG","PinHeader_1x05_P2.54mm_Vertical",63.000000,-132.500000,90.000000,top
"L1","1.5uH","L_1210_3225Metric",76.000000,-85.000000,0.000000,top
"LED1","CHRG (red)","LED_0603_1608Metric",53.200000,-65.599999,0.000000,top
"LED2","STDBY (green)","LED_0603_1608Metric",53.200000,-67.700000,0.000000,top
"Q1","AO3400A","SOT-23",66.500000,-118.000000,0.000000,top
"R1","5.1k","R_0603_1608Metric",54.000000,-56.000000,0.000000,top
"R2","5.1k","R_0603_1608Metric",56.000000,-58.000000,0.000000,top
"R3","1.2k","R_0603_1608Metric",70.000000,-62.000000,0.000000,top
"R4","1k","R_0603_1608Metric",56.800000,-65.599999,0.000000,top
"R5","1k","R_0603_1608Metric",56.800000,-67.700000,0.000000,top
"R6","100","R_0603_1608Metric",60.650000,-68.500000,0.000000,top
"R7","1k","R_0603_1608Metric",73.000000,-76.000000,0.000000,top
"R8","0.1 1W","R_2512_6332Metric",56.000000,-82.300000,0.000000,top
"R9","4.7k","R_0603_1608Metric",60.700000,-86.600000,0.000000,top
"R10","4.7k","R_0603_1608Metric",67.900000,-86.600000,0.000000,top
"R11","10k","R_0603_1608Metric",53.000000,-94.000000,0.000000,top
"R12","10k","R_0603_1608Metric",53.000000,-96.000000,0.000000,top
"R13","220","R_0603_1608Metric",62.000000,-121.000000,0.000000,top
"R14","100k","R_0603_1608Metric",68.000000,-121.000000,0.000000,top
"SW1","Fire","Panasonic_EVQPUJ_EVQPUA",52.600000,-110.000000,90.000000,top
"U1","ESP32-S3-MINI-1-N4","ESP32-S3-MINI-1",65.000000,-102.000000,0.000000,top
"U2","TP4056","HSOP-8-1EP_3.9x4.9mm_P1.27mm_EP2.41x3.1mm",60.000000,-62.000000,0.000000,top
"U3","DW01A","SOT-23-6",62.000000,-73.000000,0.000000,top
"U4","FS8205A","SOT-23-6",70.000000,-73.000000,0.000000,top
"U5","INA219","SOIC-8_3.9x4.9mm_P1.27mm",64.200000,-82.300000,0.000000,top
"U6","TPS63031","Texas_DSQ0010A_WSON-10-1EP_2x2mm_P0.4mm_EP0.9x1.5mm",73.000000,-82.000000,0.000000,top
