Qty,Refdes(es),Value,PKG_TYPE,MFR_PN,Manufacturer,LCSC,Footprint
4,"C1, C2, C5, C7",10uF,0603,CL10A106KQ8NNNC,Samsung,C19702,Capacitor_SMD:C_0603_1608Metric
3,"C3, C4, C8",0.1uF,0603,CL10B104KB8NNNC,Samsung,C1525,Capacitor_SMD:C_0603_1608Metric
1,C6,22uF,0805,CL21A226MAYNNNE,Samsung,C45783,Capacitor_SMD:C_0805_2012Metric
1,C9,1uF,0603,CL10B105KB8NNNC,Samsung,C15849,Capacitor_SMD:C_0603_1608Metric
1,C10,100uF (bulk),1210,CL32A107MQVNNNE,Samsung,C13585,Capacitor_SMD:C_1210_3225Metric
1,D1,SS34,SMA,SS34,MDD,C8678,Diode_SMD:D_SMA
1,D2,USBLC6-2SC6,SOT-23-6,USBLC6-2SC6,STMicroelectronics,C7519,Package_TO_SOT_SMD:SOT-23-6
1,J1,USB-C,USB-C 16-pin SMD,TYPE-C-31-M-12,HRO,C165948,Connector_USB:USB_C_Receptacle_HRO_TYPE-C-31-M-12
1,J2,OLED 0.96 SPI castellated,Castellated 1x7,OLED-0.96-CASTL-7P,Generic (sourced),,Connector_PinHeader_2.54mm:PinHeader_1x07_P2.54mm_Vertical
1,J3,LiPo 603450 (JST-PH),JST-PH SMD 1x2,S2B-PH-SM4-TB(LF),JST,C265084,Connector_JST:JST_PH_S2B-PH-SM4-TB_1x02-1MP_P2.00mm_Horizontal
1,J4,Coil 510 (TBD),TBD (510 thread),510-CONNECTOR-TBD,TBD,,Connector_PinHeader_2.54mm:PinHeader_1x02_P2.54mm_Vertical
1,J5,DEBUG (TX0/RX0/IO0/EN/GND),Test pads 1x5,TEST-PAD-1x5,n/a,,Connector_PinHeader_2.54mm:PinHeader_1x05_P2.54mm_Vertical
1,L1,1.5uH,1210,MWSA1210SR-1R5MTAH,Sunlord,C133988,Inductor_SMD:L_1210_3225Metric
1,LED1,CHRG (red),0603,KT-0603R,Hubei KENTO,C2286,LED_SMD:LED_0603_1608Metric
1,LED2,STDBY (green),0603,KT-0603G,Hubei KENTO,C2297,LED_SMD:LED_0603_1608Metric
1,Q1,AO3400A,SOT-23,AO3400A,Alpha & Omega,C20917,Package_TO_SOT_SMD:SOT-23
2,"R1, R2",5.1k,0603,RC0603FR-075K1L,Yageo,C23186,Resistor_SMD:R_0603_1608Metric
1,R3,1.2k,0603,RC0603FR-071K2L,Yageo,C22849,Resistor_SMD:R_0603_1608Metric
3,"R4, R5, R7",1k,0603,RC0603FR-071KL,Yageo,C21190,Resistor_SMD:R_0603_1608Metric
1,R6,100,0603,RC0603FR-07100RL,Yageo,C22775,Resistor_SMD:R_0603_1608Metric
1,R8,0.1 2W,2512,PE2512FKE070R1L,Yageo,C84395,Resistor_SMD:R_2512_6332Metric
2,"R9, R10",4.7k,0603,RC0603FR-074K7L,Yageo,C23162,Resistor_SMD:R_0603_1608Metric
2,"R11, R12",10k,0603,RC0603FR-0710KL,Yageo,C25804,Resistor_SMD:R_0603_1608Metric
1,R13,220,0603,RC0603FR-07220RL,Yageo,C22962,Resistor_SMD:R_0603_1608Metric
1,R14,100k,0603,RC0603FR-07100KL,Yageo,C25741,Resistor_SMD:R_0603_1608Metric
1,SW1,Fire,6x6 SMD,EVQ-PUJ02K,Panasonic,C77890,Button_Switch_SMD:Panasonic_EVQPUJ_EVQPUA
1,U1,ESP32-S3-MINI-1-N4,LGA-65,ESP32-S3-MINI-1-N4,Espressif,C2913200,Espressif:ESP32-S3-MINI-1
1,U2,TP4056,ESOP-8,TP4056-42-ESOP8,Nanjing Top Power,C16581,Package_SO:HSOP-8-1EP_3.9x4.9mm_P1.27mm_EP2.41x3.1mm_ThermalVias
1,U3,DW01A (placeholder),SOT-23-6,DW01A,Fortune Semi,C351410,Package_TO_SOT_SMD:SOT-23-6
1,U4,FS8205A (placeholder),SOT-23-6,FS8205A,Fortune Semi,C32254,Package_TO_SOT_SMD:SOT-23-6
1,U5,INA219AIDR,SOIC-8,INA219AIDR,Texas Instruments,C138563,Package_SO:SOIC-8_3.9x4.9mm_P1.27mm
1,U6,TPS63031DSK,WSON-10,TPS63031DSKR,Texas Instruments,C57898,Package_DFN_QFN:Texas_DSQ0010A_WSON-10-1EP_2x2mm_P0.4mm_EP0.9x1.5mm
